epoch,time,train/box_loss,train/seg_loss,train/cls_loss,train/dfl_loss,metrics/precision(B),metrics/recall(B),metrics/mAP50(B),metrics/mAP50-95(B),metrics/precision(M),metrics/recall(M),metrics/mAP50(M),metrics/mAP50-95(M),val/box_loss,val/seg_loss,val/cls_loss,val/dfl_loss,lr/pg0,lr/pg1,lr/pg2
1,2.47766,1.28565,2.7761,3.24714,1.30428,0.59033,0.1875,0.16574,0.09744,0.63569,0.1875,0.17716,0.09979,1.03637,2.10507,3.03583,1.16942,2e-05,2e-05,2e-05
2,2.96357,1.51419,2.41079,3.45753,1.34715,0.44567,0.1875,0.18871,0.10291,0.44567,0.1875,0.19467,0.11364,1.03444,2.10384,2.97663,1.15107,5.9802e-05,5.9802e-05,5.9802e-05
3,3.49429,1.63802,3.26465,4.43536,1.58007,0.51977,0.23728,0.21337,0.10596,0.51977,0.23728,0.21278,0.11338,1.04799,2.12349,2.92678,1.15446,9.934e-05,9.934e-05,9.934e-05
4,3.98637,1.44769,3.86582,3.40569,1.41652,0.44729,0.25,0.17338,0.09333,0.44729,0.25,0.17252,0.10413,1.06489,2.14628,2.8695,1.16591,0.000138614,0.000138614,0.000138614
5,4.57321,1.55349,3.0035,3.09761,1.40763,0.35105,0.30451,0.27497,0.18391,0.37174,0.3144,0.29238,0.1798,0.96691,2.08221,3.62788,1.15827,0.000177624,0.000177624,0.000177624
6,5.50991,1.22536,2.33481,5.63042,1.2034,0.35105,0.30451,0.27497,0.18391,0.37174,0.3144,0.29238,0.1798,0.96691,2.08221,3.62788,1.15827,0.00021637,0.00021637,0.00021637
7,6.48987,1.11315,2.18921,4.49281,1.12018,0.3991,0.40625,0.32851,0.20788,0.43252,0.4375,0.34234,0.2086,0.98515,2.08153,3.55914,1.1559,0.000254852,0.000254852,0.000254852
8,7.49953,1.15097,2.18441,3.13029,1.17562,0.03514,0.40625,0.02873,0.01539,0.05721,0.40625,0.04407,0.02392,1.03483,1.9781,6.22573,1.11893,0.00029307,0.00029307,0.00029307
9,8.25905,1.28903,2.22311,3.13062,1.21148,0.03514,0.40625,0.02873,0.01539,0.05721,0.40625,0.04407,0.02392,1.03483,1.9781,6.22573,1.11893,0.000331024,0.000331024,0.000331024
10,9.01652,1.28244,2.21407,2.97112,1.20306,0.61171,0.5625,0.53897,0.35824,0.57772,0.53125,0.49081,0.37157,1.07653,1.74031,3.69718,1.01511,0.000368714,0.000368714,0.000368714
11,9.95687,1.23319,2.36657,1.83425,1.1424,0.61171,0.5625,0.53897,0.35824,0.57772,0.53125,0.49081,0.37157,1.07653,1.74031,3.69718,1.01511,0.00040614,0.00040614,0.00040614
12,10.8932,1.22461,2.01858,1.90657,1.02296,0.67675,0.8125,0.73891,0.48886,0.6857,0.8125,0.72022,0.45596,1.15656,2.02301,5.31315,1.04043,0.000443302,0.000443302,0.000443302
13,11.8384,1.26444,2.26519,2.10952,1.14786,0.67675,0.8125,0.73891,0.48886,0.6857,0.8125,0.72022,0.45596,1.15656,2.02301,5.31315,1.04043,0.0004802,0.0004802,0.0004802
14,12.7781,1.00624,1.53431,1.89281,1.00026,0.67675,0.8125,0.73891,0.48886,0.6857,0.8125,0.72022,0.45596,1.15656,2.02301,5.31315,1.04043,0.000516834,0.000516834,0.000516834
15,13.783,1.0805,1.60197,2.33383,1.00534,0.7,0.21875,0.2591,0.19618,0.7,0.21875,0.26012,0.19083,0.9455,2.34263,48.2911,0.97048,0.000553204,0.000553204,0.000553204
16,14.5539,1.11948,1.74884,2.09215,1.06801,0.7,0.21875,0.2591,0.19618,0.7,0.21875,0.26012,0.19083,0.9455,2.34263,48.2911,0.97048,0.00058931,0.00058931,0.00058931
17,15.2982,1.15766,1.69689,1.96597,1.01622,0.7,0.21875,0.2591,0.19618,0.7,0.21875,0.26012,0.19083,0.9455,2.34263,48.2911,0.97048,0.000625152,0.000625152,0.000625152
18,16.053,1.05379,1.61831,2.15837,1.10374,0.61538,0.25,0.37672,0.30126,0.61538,0.25,0.3792,0.29281,0.80554,1.58289,8.51936,0.97868,0.00066073,0.00066073,0.00066073
19,16.7989,1.06234,1.89283,2.12546,1.10028,0.61538,0.25,0.37672,0.30126,0.61538,0.25,0.3792,0.29281,0.80554,1.58289,8.51936,0.97868,0.000696044,0.000696044,0.000696044
20,17.5417,1.03288,1.987,1.9723,1.06643,0.61538,0.25,0.37672,0.30126,0.61538,0.25,0.3792,0.29281,0.80554,1.58289,8.51936,0.97868,0.000731094,0.000731094,0.000731094
21,18.3528,1.02991,1.6786,1.72873,1.02987,0.12542,0.6875,0.13837,0.10514,0.115,0.63755,0.12985,0.08325,1.09977,2.7645,19.6156,1.13252,0.00076588,0.00076588,0.00076588
22,19.097,1.18874,1.89924,1.74855,1.09506,0.12542,0.6875,0.13837,0.10514,0.115,0.63755,0.12985,0.08325,1.09977,2.7645,19.6156,1.13252,0.000800402,0.000800402,0.000800402
23,19.8278,1.15729,1.92178,2.07207,1.0426,0.12542,0.6875,0.13837,0.10514,0.115,0.63755,0.12985,0.08325,1.09977,2.7645,19.6156,1.13252,0.00083466,0.00083466,0.00083466
24,20.5562,0.96637,1.71649,1.57043,1.09611,0.12542,0.6875,0.13837,0.10514,0.115,0.63755,0.12985,0.08325,1.09977,2.7645,19.6156,1.13252,0.000868654,0.000868654,0.000868654
25,21.3039,1.23639,2.45121,1.68295,1.23886,0.0625,0.4375,0.07235,0.0453,0.0625,0.4375,0.07015,0.04681,1.457,2.21227,44.2287,1.36738,0.000902384,0.000902384,0.000902384
26,22.1522,1.53273,2.1352,1.70414,1.22429,0.0625,0.4375,0.07235,0.0453,0.0625,0.4375,0.07015,0.04681,1.457,2.21227,44.2287,1.36738,0.00093585,0.00093585,0.00093585
27,22.9198,1.52125,1.91033,2.02702,1.15562,0.0625,0.4375,0.07235,0.0453,0.0625,0.4375,0.07015,0.04681,1.457,2.21227,44.2287,1.36738,0.000969052,0.000969052,0.000969052
28,23.6621,1.39971,2.18513,1.35997,1.23627,0.0625,0.4375,0.07235,0.0453,0.0625,0.4375,0.07015,0.04681,1.457,2.21227,44.2287,1.36738,0.00100199,0.00100199,0.00100199
29,24.4076,1.65277,2.54289,1.76681,1.31905,0.0625,0.4375,0.07235,0.0453,0.0625,0.4375,0.07015,0.04681,1.457,2.21227,44.2287,1.36738,0.00103466,0.00103466,0.00103466
30,25.1655,1.58728,2.25896,1.81987,1.30539,0.05336,0.6875,0.04642,0.03073,0.05066,0.625,0.04562,0.02462,1.19076,2.91775,19.3873,1.16948,0.00106707,0.00106707,0.00106707
31,25.8911,1.10316,1.99796,1.32038,0.9724,0.05336,0.6875,0.04642,0.03073,0.05066,0.625,0.04562,0.02462,1.19076,2.91775,19.3873,1.16948,0.00109922,0.00109922,0.00109922
32,26.6684,1.27687,2.56061,1.48063,1.28141,0.05336,0.6875,0.04642,0.03073,0.05066,0.625,0.04562,0.02462,1.19076,2.91775,19.3873,1.16948,0.0011311,0.0011311,0.0011311
33,27.3978,1.17782,2.22194,1.51298,1.07001,0.05336,0.6875,0.04642,0.03073,0.05066,0.625,0.04562,0.02462,1.19076,2.91775,19.3873,1.16948,0.00116272,0.00116272,0.00116272
34,28.1693,1.21474,2.27351,1.26847,1.10273,0.05336,0.6875,0.04642,0.03073,0.05066,0.625,0.04562,0.02462,1.19076,2.91775,19.3873,1.16948,0.00119407,0.00119407,0.00119407
35,28.9006,1.23338,2.60298,1.40521,1.13444,0.05336,0.6875,0.04642,0.03073,0.05066,0.625,0.04562,0.02462,1.19076,2.91775,19.3873,1.16948,0.00122516,0.00122516,0.00122516
36,29.6512,1.16249,2.27999,1.24368,1.02965,0.03502,0.5,0.03327,0.01727,0.02908,0.47924,0.0277,0.0089,1.96339,22.3506,28.5208,2.31476,0.00125599,0.00125599,0.00125599
37,30.3946,1.23766,2.46016,1.74292,1.06786,0.03502,0.5,0.03327,0.01727,0.02908,0.47924,0.0277,0.0089,1.96339,22.3506,28.5208,2.31476,0.00128655,0.00128655,0.00128655
38,31.1292,1.12906,2.55972,1.96895,1.0666,0.03502,0.5,0.03327,0.01727,0.02908,0.47924,0.0277,0.0089,1.96339,22.3506,28.5208,2.31476,0.00131685,0.00131685,0.00131685
39,31.8818,1.08513,2.24846,1.49939,1.04374,0.03502,0.5,0.03327,0.01727,0.02908,0.47924,0.0277,0.0089,1.96339,22.3506,28.5208,2.31476,0.00134688,0.00134688,0.00134688
40,32.689,1.15418,2.57206,1.83981,1.17262,0.03502,0.5,0.03327,0.01727,0.02908,0.47924,0.0277,0.0089,1.96339,22.3506,28.5208,2.31476,0.00137665,0.00137665,0.00137665
41,33.4413,1.10889,2.24626,1.44791,1.10747,0.03502,0.5,0.03327,0.01727,0.02908,0.47924,0.0277,0.0089,1.96339,22.3506,28.5208,2.31476,0.00140616,0.00140616,0.00140616
42,34.1408,1.26338,2.35371,1.99493,1.20153,0.03502,0.5,0.03327,0.01727,0.02908,0.47924,0.0277,0.0089,1.96339,22.3506,28.5208,2.31476,0.0014354,0.0014354,0.0014354
43,34.9186,1.07168,2.10368,1.2843,1.04623,0.04256,0.5,0.03705,0.02131,0.0373,0.40625,0.03187,0.01382,1.27525,3.48655,6.55424,1.17998,0.00146438,0.00146438,0.00146438
44,35.647,1.17195,2.98856,1.97384,1.08353,0.04256,0.5,0.03705,0.02131,0.0373,0.40625,0.03187,0.01382,1.27525,3.48655,6.55424,1.17998,0.00149309,0.00149309,0.00149309
45,36.3764,1.12268,3.08076,2.0959,1.06663,0.04256,0.5,0.03705,0.02131,0.0373,0.40625,0.03187,0.01382,1.27525,3.48655,6.55424,1.17998,0.00152154,0.00152154,0.00152154
46,37.0794,1.10891,2.59185,2.05211,1.04545,0.04256,0.5,0.03705,0.02131,0.0373,0.40625,0.03187,0.01382,1.27525,3.48655,6.55424,1.17998,0.00154973,0.00154973,0.00154973
47,37.7946,1.31535,3.34801,2.17416,1.17325,0.04256,0.5,0.03705,0.02131,0.0373,0.40625,0.03187,0.01382,1.27525,3.48655,6.55424,1.17998,0.00157765,0.00157765,0.00157765
48,38.519,1.19876,2.97418,2.11107,1.08736,0.04256,0.5,0.03705,0.02131,0.0373,0.40625,0.03187,0.01382,1.27525,3.48655,6.55424,1.17998,0.00160531,0.00160531,0.00160531
49,39.3089,1.30169,3.05027,2.11845,1.15553,0.04256,0.5,0.03705,0.02131,0.0373,0.40625,0.03187,0.01382,1.27525,3.48655,6.55424,1.17998,0.0016327,0.0016327,0.0016327
50,40.0542,1.13309,2.71268,1.99611,1.00305,0.04256,0.5,0.03705,0.02131,0.0373,0.40625,0.03187,0.01382,1.27525,3.48655,6.55424,1.17998,0.00165983,0.00165983,0.00165983
51,40.8081,1.0766,3.17605,1.96719,1.04771,0.16364,0.1875,0.09685,0.04436,0.09217,0.34375,0.091,0.04036,1.34989,2.66247,2.77257,1.29957,0.00167,0.00167,0.00167
52,41.5726,1.26683,2.15343,2.01399,1.18333,0.16364,0.1875,0.09685,0.04436,0.09217,0.34375,0.091,0.04036,1.34989,2.66247,2.77257,1.29957,0.0016634,0.0016634,0.0016634
53,42.3024,1.1638,1.73409,2.01859,1.06398,0.16364,0.1875,0.09685,0.04436,0.09217,0.34375,0.091,0.04036,1.34989,2.66247,2.77257,1.29957,0.0016568,0.0016568,0.0016568
54,43.0505,1.23722,2.21913,2.18442,1.10839,0.16364,0.1875,0.09685,0.04436,0.09217,0.34375,0.091,0.04036,1.34989,2.66247,2.77257,1.29957,0.0016502,0.0016502,0.0016502
55,43.8044,1.2724,1.97194,1.75253,1.20071,0.16364,0.1875,0.09685,0.04436,0.09217,0.34375,0.091,0.04036,1.34989,2.66247,2.77257,1.29957,0.0016436,0.0016436,0.0016436
56,44.5338,1.04579,1.88572,1.71003,1.0764,0.16364,0.1875,0.09685,0.04436,0.09217,0.34375,0.091,0.04036,1.34989,2.66247,2.77257,1.29957,0.001637,0.001637,0.001637
57,45.2679,1.24737,2.51136,2.14468,1.21003,0.16364,0.1875,0.09685,0.04436,0.09217,0.34375,0.091,0.04036,1.34989,2.66247,2.77257,1.29957,0.0016304,0.0016304,0.0016304
58,46.0005,1.17086,2.27404,1.94937,1.15827,0.16364,0.1875,0.09685,0.04436,0.09217,0.34375,0.091,0.04036,1.34989,2.66247,2.77257,1.29957,0.0016238,0.0016238,0.0016238
59,46.7427,1.12868,2.38284,2.15376,1.15165,0.28571,0.0625,0.04247,0.02211,0.14286,0.03125,0.04955,0.01828,1.63225,3.46231,19.6693,1.50725,0.0016172,0.0016172,0.0016172
60,47.4884,1.2656,2.19392,2.12058,1.1288,0.28571,0.0625,0.04247,0.02211,0.14286,0.03125,0.04955,0.01828,1.63225,3.46231,19.6693,1.50725,0.0016106,0.0016106,0.0016106
61,48.2283,1.26821,1.98318,1.94655,1.06914,0.28571,0.0625,0.04247,0.02211,0.14286,0.03125,0.04955,0.01828,1.63225,3.46231,19.6693,1.50725,0.001604,0.001604,0.001604
62,48.9837,1.07395,2.09146,2.25486,1.04642,0.28571,0.0625,0.04247,0.02211,0.14286,0.03125,0.04955,0.01828,1.63225,3.46231,19.6693,1.50725,0.0015974,0.0015974,0.0015974
63,49.7232,1.18262,2.32391,1.94269,1.07141,0.28571,0.0625,0.04247,0.02211,0.14286,0.03125,0.04955,0.01828,1.63225,3.46231,19.6693,1.50725,0.0015908,0.0015908,0.0015908
64,50.4602,1.4273,2.47078,2.13083,1.18379,0.28571,0.0625,0.04247,0.02211,0.14286,0.03125,0.04955,0.01828,1.63225,3.46231,19.6693,1.50725,0.0015842,0.0015842,0.0015842
65,51.2204,1.23018,2.10988,1.88937,1.05288,0.28571,0.0625,0.04247,0.02211,0.14286,0.03125,0.04955,0.01828,1.63225,3.46231,19.6693,1.50725,0.0015776,0.0015776,0.0015776
66,51.9611,1.29714,2.3367,2.11896,1.14994,0.28571,0.0625,0.04247,0.02211,0.14286,0.03125,0.04955,0.01828,1.63225,3.46231,19.6693,1.50725,0.001571,0.001571,0.001571
67,52.729,1.27425,2.2486,2.49237,1.06857,0.58212,0.6875,0.65713,0.46746,0.60406,0.71875,0.66855,0.42917,1.01689,1.93783,3.79515,1.13021,0.0015644,0.0015644,0.0015644
68,53.4507,1.10851,1.92541,1.69411,1.14987,0.58212,0.6875,0.65713,0.46746,0.60406,0.71875,0.66855,0.42917,1.01689,1.93783,3.79515,1.13021,0.0015578,0.0015578,0.0015578
69,54.1675,1.04481,1.65916,1.29841,0.99592,0.58212,0.6875,0.65713,0.46746,0.60406,0.71875,0.66855,0.42917,1.01689,1.93783,3.79515,1.13021,0.0015512,0.0015512,0.0015512
70,54.8952,0.95964,1.95054,1.85046,1.06749,0.58212,0.6875,0.65713,0.46746,0.60406,0.71875,0.66855,0.42917,1.01689,1.93783,3.79515,1.13021,0.0015446,0.0015446,0.0015446
71,55.6505,0.95715,1.69292,1.40384,1.09072,0.58212,0.6875,0.65713,0.46746,0.60406,0.71875,0.66855,0.42917,1.01689,1.93783,3.79515,1.13021,0.001538,0.001538,0.001538
72,56.3897,1.10032,1.72376,1.58131,1.02014,0.58212,0.6875,0.65713,0.46746,0.60406,0.71875,0.66855,0.42917,1.01689,1.93783,3.79515,1.13021,0.0015314,0.0015314,0.0015314
73,57.116,1.18432,1.7118,1.51745,1.03986,0.58212,0.6875,0.65713,0.46746,0.60406,0.71875,0.66855,0.42917,1.01689,1.93783,3.79515,1.13021,0.0015248,0.0015248,0.0015248
74,57.8653,0.98358,1.57965,1.42919,1.0714,0.58212,0.6875,0.65713,0.46746,0.60406,0.71875,0.66855,0.42917,1.01689,1.93783,3.79515,1.13021,0.0015182,0.0015182,0.0015182
75,58.6201,1.11944,1.72754,1.58774,1.05501,0.74103,0.90625,0.88454,0.63307,0.74103,0.90625,0.88454,0.62013,1.04308,1.4797,1.86946,1.12878,0.0015116,0.0015116,0.0015116
76,59.5779,1.20232,1.76891,1.67715,1.20484,0.74103,0.90625,0.88454,0.63307,0.74103,0.90625,0.88454,0.62013,1.04308,1.4797,1.86946,1.12878,0.001505,0.001505,0.001505
77,60.5272,1.10493,1.63925,1.54858,1.11369,0.74103,0.90625,0.88454,0.63307,0.74103,0.90625,0.88454,0.62013,1.04308,1.4797,1.86946,1.12878,0.0014984,0.0014984,0.0014984
78,61.49,1.19933,1.77907,1.65547,1.09185,0.74103,0.90625,0.88454,0.63307,0.74103,0.90625,0.88454,0.62013,1.04308,1.4797,1.86946,1.12878,0.0014918,0.0014918,0.0014918
79,62.4539,1.29239,1.58654,1.8244,1.41046,0.74103,0.90625,0.88454,0.63307,0.74103,0.90625,0.88454,0.62013,1.04308,1.4797,1.86946,1.12878,0.0014852,0.0014852,0.0014852
80,63.4252,1.14471,1.48378,1.53361,1.09352,0.74103,0.90625,0.88454,0.63307,0.74103,0.90625,0.88454,0.62013,1.04308,1.4797,1.86946,1.12878,0.0014786,0.0014786,0.0014786
81,64.3477,1.14174,1.63964,1.61249,1.05696,0.74103,0.90625,0.88454,0.63307,0.74103,0.90625,0.88454,0.62013,1.04308,1.4797,1.86946,1.12878,0.001472,0.001472,0.001472
82,65.2834,1.18619,1.71362,1.70501,1.03121,0.74103,0.90625,0.88454,0.63307,0.74103,0.90625,0.88454,0.62013,1.04308,1.4797,1.86946,1.12878,0.0014654,0.0014654,0.0014654
83,66.2415,1.07788,1.5504,1.61784,1.16557,0.88292,0.94275,0.9552,0.7563,0.88292,0.94275,0.9552,0.71692,0.89695,1.27951,2.02879,1.05621,0.0014588,0.0014588,0.0014588
84,67.1729,1.19627,1.80533,1.37232,1.21374,0.88292,0.94275,0.9552,0.7563,0.88292,0.94275,0.9552,0.71692,0.89695,1.27951,2.02879,1.05621,0.0014522,0.0014522,0.0014522
85,68.0938,0.90943,1.33609,1.20511,0.96587,0.88292,0.94275,0.9552,0.7563,0.88292,0.94275,0.9552,0.71692,0.89695,1.27951,2.02879,1.05621,0.0014456,0.0014456,0.0014456
86,69.0659,0.86699,1.27851,1.1423,0.93772,0.88292,0.94275,0.9552,0.7563,0.88292,0.94275,0.9552,0.71692,0.89695,1.27951,2.02879,1.05621,0.001439,0.001439,0.001439
87,70.0349,0.99411,1.53748,1.27349,1.13151,0.88292,0.94275,0.9552,0.7563,0.88292,0.94275,0.9552,0.71692,0.89695,1.27951,2.02879,1.05621,0.0014324,0.0014324,0.0014324
88,70.9939,1.03226,1.64461,1.42473,1.0391,0.88292,0.94275,0.9552,0.7563,0.88292,0.94275,0.9552,0.71692,0.89695,1.27951,2.02879,1.05621,0.0014258,0.0014258,0.0014258
89,71.9748,0.95098,1.20862,1.29128,1.0233,0.88292,0.94275,0.9552,0.7563,0.88292,0.94275,0.9552,0.71692,0.89695,1.27951,2.02879,1.05621,0.0014192,0.0014192,0.0014192
90,72.9581,0.9744,1.57528,1.26014,1.00923,0.88292,0.94275,0.9552,0.7563,0.88292,0.94275,0.9552,0.71692,0.89695,1.27951,2.02879,1.05621,0.0014126,0.0014126,0.0014126
91,73.8946,1.02932,1.48218,1.33941,1.01397,0.85979,0.875,0.96835,0.72604,0.85979,0.875,0.96835,0.7364,0.83747,1.27724,1.38322,1.03936,0.001406,0.001406,0.001406
92,74.6206,1.06147,1.79899,1.13187,1.01312,0.85979,0.875,0.96835,0.72604,0.85979,0.875,0.96835,0.7364,0.83747,1.27724,1.38322,1.03936,0.0013994,0.0013994,0.0013994
93,75.3526,1.00051,2.06013,1.09085,1.22951,0.85979,0.875,0.96835,0.72604,0.85979,0.875,0.96835,0.7364,0.83747,1.27724,1.38322,1.03936,0.0013928,0.0013928,0.0013928
94,76.0842,0.96293,2.08248,1.01325,1.05643,0.85979,0.875,0.96835,0.72604,0.85979,0.875,0.96835,0.7364,0.83747,1.27724,1.38322,1.03936,0.0013862,0.0013862,0.0013862
95,76.8297,0.96064,1.56994,0.8965,0.96338,0.85979,0.875,0.96835,0.72604,0.85979,0.875,0.96835,0.7364,0.83747,1.27724,1.38322,1.03936,0.0013796,0.0013796,0.0013796
96,77.5544,0.93401,1.57176,0.877,0.95023,0.85979,0.875,0.96835,0.72604,0.85979,0.875,0.96835,0.7364,0.83747,1.27724,1.38322,1.03936,0.001373,0.001373,0.001373
97,78.3151,0.94539,2.12564,0.9414,1.09551,0.85979,0.875,0.96835,0.72604,0.85979,0.875,0.96835,0.7364,0.83747,1.27724,1.38322,1.03936,0.0013664,0.0013664,0.0013664
98,79.0227,0.96321,1.80147,0.93131,1.01611,0.85979,0.875,0.96835,0.72604,0.85979,0.875,0.96835,0.7364,0.83747,1.27724,1.38322,1.03936,0.0013598,0.0013598,0.0013598
99,79.7635,1.01921,1.66283,0.98281,1.00403,0.93923,0.96603,0.97877,0.76902,0.93923,0.96603,0.97877,0.78498,0.81271,1.14082,1.25636,1.03486,0.0013532,0.0013532,0.0013532
100,80.7288,0.94979,1.30501,0.92778,0.96473,0.93923,0.96603,0.97877,0.76902,0.93923,0.96603,0.97877,0.78498,0.81271,1.14082,1.25636,1.03486,0.0013466,0.0013466,0.0013466
101,81.7144,1.15477,1.88371,1.24734,1.11224,0.93923,0.96603,0.97877,0.76902,0.93923,0.96603,0.97877,0.78498,0.81271,1.14082,1.25636,1.03486,0.00134,0.00134,0.00134
102,82.6647,1.11719,1.348,0.87763,1.08079,0.93923,0.96603,0.97877,0.76902,0.93923,0.96603,0.97877,0.78498,0.81271,1.14082,1.25636,1.03486,0.0013334,0.0013334,0.0013334
103,83.6236,0.9322,1.36723,0.94003,0.94864,0.93923,0.96603,0.97877,0.76902,0.93923,0.96603,0.97877,0.78498,0.81271,1.14082,1.25636,1.03486,0.0013268,0.0013268,0.0013268
104,84.5609,0.90689,1.2933,0.91841,1.00546,0.93923,0.96603,0.97877,0.76902,0.93923,0.96603,0.97877,0.78498,0.81271,1.14082,1.25636,1.03486,0.0013202,0.0013202,0.0013202
105,85.5191,1.06323,1.7322,1.07512,1.13276,0.93923,0.96603,0.97877,0.76902,0.93923,0.96603,0.97877,0.78498,0.81271,1.14082,1.25636,1.03486,0.0013136,0.0013136,0.0013136
106,86.4945,0.94951,1.2639,1.0676,1.09748,0.93923,0.96603,0.97877,0.76902,0.93923,0.96603,0.97877,0.78498,0.81271,1.14082,1.25636,1.03486,0.001307,0.001307,0.001307
107,87.4716,0.89412,1.32708,0.89801,1.04537,0.94605,0.96875,0.99243,0.78581,0.94605,0.96875,0.99243,0.78647,0.83146,1.0679,1.03986,1.01761,0.0013004,0.0013004,0.0013004
108,88.442,0.8767,1.3652,0.82586,0.98186,0.94605,0.96875,0.99243,0.78581,0.94605,0.96875,0.99243,0.78647,0.83146,1.0679,1.03986,1.01761,0.0012938,0.0012938,0.0012938
109,89.3963,1.00938,1.30257,0.95886,1.0466,0.94605,0.96875,0.99243,0.78581,0.94605,0.96875,0.99243,0.78647,0.83146,1.0679,1.03986,1.01761,0.0012872,0.0012872,0.0012872
110,90.3398,0.97896,1.18909,1.00823,1.07879,0.94605,0.96875,0.99243,0.78581,0.94605,0.96875,0.99243,0.78647,0.83146,1.0679,1.03986,1.01761,0.0012806,0.0012806,0.0012806
111,91.2787,0.98035,1.41657,1.03005,0.93327,0.94605,0.96875,0.99243,0.78581,0.94605,0.96875,0.99243,0.78647,0.83146,1.0679,1.03986,1.01761,0.001274,0.001274,0.001274
112,92.2692,0.8962,1.19178,0.84867,1.0292,0.94605,0.96875,0.99243,0.78581,0.94605,0.96875,0.99243,0.78647,0.83146,1.0679,1.03986,1.01761,0.0012674,0.0012674,0.0012674
113,93.1773,1.06205,1.85438,1.09101,1.28146,0.94605,0.96875,0.99243,0.78581,0.94605,0.96875,0.99243,0.78647,0.83146,1.0679,1.03986,1.01761,0.0012608,0.0012608,0.0012608
114,94.1548,0.99418,1.31779,0.98184,1.07074,0.94605,0.96875,0.99243,0.78581,0.94605,0.96875,0.99243,0.78647,0.83146,1.0679,1.03986,1.01761,0.0012542,0.0012542,0.0012542
115,95.1091,0.96962,1.42124,0.96248,0.99696,0.90827,0.9375,0.97746,0.78082,0.90827,0.9375,0.97746,0.75211,0.90504,1.11611,1.07717,1.0398,0.0012476,0.0012476,0.0012476
116,95.8427,1.01138,1.48684,0.885,1.00072,0.90827,0.9375,0.97746,0.78082,0.90827,0.9375,0.97746,0.75211,0.90504,1.11611,1.07717,1.0398,0.001241,0.001241,0.001241
117,96.5978,0.81415,1.09138,0.73842,0.98238,0.90827,0.9375,0.97746,0.78082,0.90827,0.9375,0.97746,0.75211,0.90504,1.11611,1.07717,1.0398,0.0012344,0.0012344,0.0012344
118,97.3519,1.0586,1.15149,0.86159,1.00207,0.90827,0.9375,0.97746,0.78082,0.90827,0.9375,0.97746,0.75211,0.90504,1.11611,1.07717,1.0398,0.0012278,0.0012278,0.0012278
119,98.0757,0.98257,1.20935,0.89868,1.05325,0.90827,0.9375,0.97746,0.78082,0.90827,0.9375,0.97746,0.75211,0.90504,1.11611,1.07717,1.0398,0.0012212,0.0012212,0.0012212
120,98.8103,0.95452,1.26997,0.90512,0.97602,0.90827,0.9375,0.97746,0.78082,0.90827,0.9375,0.97746,0.75211,0.90504,1.11611,1.07717,1.0398,0.0012146,0.0012146,0.0012146
121,99.5234,0.97158,1.28972,0.84365,1.09785,0.90827,0.9375,0.97746,0.78082,0.90827,0.9375,0.97746,0.75211,0.90504,1.11611,1.07717,1.0398,0.001208,0.001208,0.001208
122,100.271,1.04503,1.2543,0.96993,0.94286,0.90827,0.9375,0.97746,0.78082,0.90827,0.9375,0.97746,0.75211,0.90504,1.11611,1.07717,1.0398,0.0012014,0.0012014,0.0012014
123,101.052,1.00608,1.26546,0.93053,0.94346,0.96607,1,0.98652,0.80832,0.96607,1,0.98652,0.7789,0.75164,1.08372,0.85626,0.98295,0.0011948,0.0011948,0.0011948
124,101.996,0.81853,1.20376,0.7164,0.90445,0.96607,1,0.98652,0.80832,0.96607,1,0.98652,0.7789,0.75164,1.08372,0.85626,0.98295,0.0011882,0.0011882,0.0011882
125,102.964,0.82892,1.14908,0.73851,1.02281,0.96607,1,0.98652,0.80832,0.96607,1,0.98652,0.7789,0.75164,1.08372,0.85626,0.98295,0.0011816,0.0011816,0.0011816
126,103.937,0.93532,1.11823,0.82226,0.9936,0.96607,1,0.98652,0.80832,0.96607,1,0.98652,0.7789,0.75164,1.08372,0.85626,0.98295,0.001175,0.001175,0.001175
127,104.919,0.86358,1.07865,0.75641,0.93782,0.96607,1,0.98652,0.80832,0.96607,1,0.98652,0.7789,0.75164,1.08372,0.85626,0.98295,0.0011684,0.0011684,0.0011684
128,105.851,0.86245,1.27493,0.77879,1.0015,0.96607,1,0.98652,0.80832,0.96607,1,0.98652,0.7789,0.75164,1.08372,0.85626,0.98295,0.0011618,0.0011618,0.0011618
129,106.881,0.98493,1.33258,0.87259,1.04701,0.96607,1,0.98652,0.80832,0.96607,1,0.98652,0.7789,0.75164,1.08372,0.85626,0.98295,0.0011552,0.0011552,0.0011552
130,107.842,0.85597,1.16011,0.70139,0.979,0.96607,1,0.98652,0.80832,0.96607,1,0.98652,0.7789,0.75164,1.08372,0.85626,0.98295,0.0011486,0.0011486,0.0011486
131,108.827,0.95903,1.26938,0.76876,0.99058,0.96959,0.99637,0.98652,0.80716,0.96959,0.99637,0.98652,0.80827,0.684,0.90625,0.66627,0.95668,0.001142,0.001142,0.001142
132,109.811,0.76803,1.02484,0.75672,0.99655,0.96959,0.99637,0.98652,0.80716,0.96959,0.99637,0.98652,0.80827,0.684,0.90625,0.66627,0.95668,0.0011354,0.0011354,0.0011354
133,110.79,0.79183,1.17809,0.81587,0.90108,0.96959,0.99637,0.98652,0.80716,0.96959,0.99637,0.98652,0.80827,0.684,0.90625,0.66627,0.95668,0.0011288,0.0011288,0.0011288
134,111.762,0.89478,1.38012,0.86528,1.051,0.96959,0.99637,0.98652,0.80716,0.96959,0.99637,0.98652,0.80827,0.684,0.90625,0.66627,0.95668,0.0011222,0.0011222,0.0011222
135,112.724,0.71389,1.05844,0.75519,1.06047,0.96959,0.99637,0.98652,0.80716,0.96959,0.99637,0.98652,0.80827,0.684,0.90625,0.66627,0.95668,0.0011156,0.0011156,0.0011156
136,113.677,0.69283,0.96678,0.64197,0.90013,0.96959,0.99637,0.98652,0.80716,0.96959,0.99637,0.98652,0.80827,0.684,0.90625,0.66627,0.95668,0.001109,0.001109,0.001109
137,114.648,0.79188,1.20195,0.86729,0.98676,0.96959,0.99637,0.98652,0.80716,0.96959,0.99637,0.98652,0.80827,0.684,0.90625,0.66627,0.95668,0.0011024,0.0011024,0.0011024
138,115.652,0.91507,1.19583,0.84068,0.92611,0.96959,0.99637,0.98652,0.80716,0.96959,0.99637,0.98652,0.80827,0.684,0.90625,0.66627,0.95668,0.0010958,0.0010958,0.0010958
139,116.675,0.75176,0.97081,0.71488,0.90191,0.96969,0.99968,0.98864,0.80657,0.96969,0.99968,0.98864,0.81546,0.65784,0.88548,0.61498,0.94781,0.0010892,0.0010892,0.0010892
140,117.616,0.8308,1.06858,0.76055,1.03788,0.96969,0.99968,0.98864,0.80657,0.96969,0.99968,0.98864,0.81546,0.65784,0.88548,0.61498,0.94781,0.0010826,0.0010826,0.0010826
141,118.606,0.89481,1.09652,0.88264,0.90041,0.96969,0.99968,0.98864,0.80657,0.96969,0.99968,0.98864,0.81546,0.65784,0.88548,0.61498,0.94781,0.001076,0.001076,0.001076
142,119.563,0.78097,1.06447,0.68995,0.92997,0.96969,0.99968,0.98864,0.80657,0.96969,0.99968,0.98864,0.81546,0.65784,0.88548,0.61498,0.94781,0.0010694,0.0010694,0.0010694
143,120.498,0.71221,1.152,0.7133,0.87806,0.96969,0.99968,0.98864,0.80657,0.96969,0.99968,0.98864,0.81546,0.65784,0.88548,0.61498,0.94781,0.0010628,0.0010628,0.0010628
144,121.501,0.76989,1.19628,0.73709,0.91075,0.96969,0.99968,0.98864,0.80657,0.96969,0.99968,0.98864,0.81546,0.65784,0.88548,0.61498,0.94781,0.0010562,0.0010562,0.0010562
145,122.472,0.76152,1.2899,0.75783,0.95475,0.96969,0.99968,0.98864,0.80657,0.96969,0.99968,0.98864,0.81546,0.65784,0.88548,0.61498,0.94781,0.0010496,0.0010496,0.0010496
146,123.527,0.76452,1.18872,0.66053,0.97514,0.96969,0.99968,0.98864,0.80657,0.96969,0.99968,0.98864,0.81546,0.65784,0.88548,0.61498,0.94781,0.001043,0.001043,0.001043
147,124.557,0.74709,1.39712,0.72844,0.86562,0.96948,0.99286,0.99045,0.82699,0.96948,0.99286,0.99045,0.84079,0.64376,0.8898,0.55125,0.92854,0.0010364,0.0010364,0.0010364
148,125.548,0.7161,1.10781,0.68766,0.9073,0.96948,0.99286,0.99045,0.82699,0.96948,0.99286,0.99045,0.84079,0.64376,0.8898,0.55125,0.92854,0.0010298,0.0010298,0.0010298
149,126.56,0.76965,0.99502,0.68773,0.94534,0.96948,0.99286,0.99045,0.82699,0.96948,0.99286,0.99045,0.84079,0.64376,0.8898,0.55125,0.92854,0.0010232,0.0010232,0.0010232
150,127.565,0.70678,1.12766,0.71923,1.01035,0.96948,0.99286,0.99045,0.82699,0.96948,0.99286,0.99045,0.84079,0.64376,0.8898,0.55125,0.92854,0.0010166,0.0010166,0.0010166
151,128.52,0.67878,1.08605,0.68976,0.9317,0.96948,0.99286,0.99045,0.82699,0.96948,0.99286,0.99045,0.84079,0.64376,0.8898,0.55125,0.92854,0.00101,0.00101,0.00101
152,129.505,0.73125,1.0084,0.77088,0.88478,0.96948,0.99286,0.99045,0.82699,0.96948,0.99286,0.99045,0.84079,0.64376,0.8898,0.55125,0.92854,0.0010034,0.0010034,0.0010034
153,130.523,0.67283,0.86348,0.7751,0.93255,0.96948,0.99286,0.99045,0.82699,0.96948,0.99286,0.99045,0.84079,0.64376,0.8898,0.55125,0.92854,0.0009968,0.0009968,0.0009968
154,131.515,0.63887,1.13641,0.65113,0.89323,0.96948,0.99286,0.99045,0.82699,0.96948,0.99286,0.99045,0.84079,0.64376,0.8898,0.55125,0.92854,0.0009902,0.0009902,0.0009902
155,132.481,0.71228,1.14553,0.71288,0.95041,0.96433,1,0.99227,0.85567,0.96433,1,0.99227,0.83016,0.60049,0.88007,0.55131,0.92749,0.0009836,0.0009836,0.0009836
156,133.52,0.72915,1.18174,0.67541,0.92543,0.96433,1,0.99227,0.85567,0.96433,1,0.99227,0.83016,0.60049,0.88007,0.55131,0.92749,0.000977,0.000977,0.000977
157,134.473,0.80663,1.21165,0.71629,0.91386,0.96433,1,0.99227,0.85567,0.96433,1,0.99227,0.83016,0.60049,0.88007,0.55131,0.92749,0.0009704,0.0009704,0.0009704
158,136.469,0.64134,0.77214,0.95217,1.00419,0.96433,1,0.99227,0.85567,0.96433,1,0.99227,0.83016,0.60049,0.88007,0.55131,0.92749,0.0009638,0.0009638,0.0009638
159,137.437,0.80359,1.20224,0.79602,0.91483,0.96433,1,0.99227,0.85567,0.96433,1,0.99227,0.83016,0.60049,0.88007,0.55131,0.92749,0.0009572,0.0009572,0.0009572
160,138.461,0.7426,1.00259,0.63376,0.90662,0.96433,1,0.99227,0.85567,0.96433,1,0.99227,0.83016,0.60049,0.88007,0.55131,0.92749,0.0009506,0.0009506,0.0009506
161,139.503,0.63811,0.85718,0.59187,0.91886,0.96433,1,0.99227,0.85567,0.96433,1,0.99227,0.83016,0.60049,0.88007,0.55131,0.92749,0.000944,0.000944,0.000944
162,140.433,0.86741,1.13248,0.76496,0.97275,0.96433,1,0.99227,0.85567,0.96433,1,0.99227,0.83016,0.60049,0.88007,0.55131,0.92749,0.0009374,0.0009374,0.0009374
163,141.453,0.73567,0.92018,0.6703,0.9199,0.99605,1,0.995,0.87402,0.99605,1,0.995,0.86845,0.59493,0.81543,0.53609,0.91778,0.0009308,0.0009308,0.0009308
164,142.384,0.66646,0.88612,0.65811,0.91387,0.99605,1,0.995,0.87402,0.99605,1,0.995,0.86845,0.59493,0.81543,0.53609,0.91778,0.0009242,0.0009242,0.0009242
165,143.359,0.68543,0.87373,0.64171,0.92691,0.99605,1,0.995,0.87402,0.99605,1,0.995,0.86845,0.59493,0.81543,0.53609,0.91778,0.0009176,0.0009176,0.0009176
166,144.321,0.76555,0.90155,0.68578,0.89996,0.99605,1,0.995,0.87402,0.99605,1,0.995,0.86845,0.59493,0.81543,0.53609,0.91778,0.000911,0.000911,0.000911
167,145.348,0.7149,1.05188,0.66113,0.91505,0.99605,1,0.995,0.87402,0.99605,1,0.995,0.86845,0.59493,0.81543,0.53609,0.91778,0.0009044,0.0009044,0.0009044
168,146.33,0.78386,1.05627,0.70309,0.93296,0.99605,1,0.995,0.87402,0.99605,1,0.995,0.86845,0.59493,0.81543,0.53609,0.91778,0.0008978,0.0008978,0.0008978
169,147.446,0.69621,0.95101,0.78787,0.93342,0.99605,1,0.995,0.87402,0.99605,1,0.995,0.86845,0.59493,0.81543,0.53609,0.91778,0.0008912,0.0008912,0.0008912
170,148.414,0.75471,0.98833,0.6791,0.87967,0.99605,1,0.995,0.87402,0.99605,1,0.995,0.86845,0.59493,0.81543,0.53609,0.91778,0.0008846,0.0008846,0.0008846
171,149.428,0.77039,1.40635,0.77756,0.92809,0.99678,1,0.995,0.85969,0.99678,1,0.995,0.87274,0.58976,0.78589,0.49801,0.91814,0.000878,0.000878,0.000878
172,150.275,0.62959,0.97918,0.61481,0.93103,0.99678,1,0.995,0.85969,0.99678,1,0.995,0.87274,0.58976,0.78589,0.49801,0.91814,0.0008714,0.0008714,0.0008714
173,151.025,0.75184,0.99464,0.66678,0.91555,0.99678,1,0.995,0.85969,0.99678,1,0.995,0.87274,0.58976,0.78589,0.49801,0.91814,0.0008648,0.0008648,0.0008648
174,151.78,0.66732,0.83933,0.6434,0.88579,0.99678,1,0.995,0.85969,0.99678,1,0.995,0.87274,0.58976,0.78589,0.49801,0.91814,0.0008582,0.0008582,0.0008582
175,152.557,0.60177,0.83604,0.58184,0.86807,0.99678,1,0.995,0.85969,0.99678,1,0.995,0.87274,0.58976,0.78589,0.49801,0.91814,0.0008516,0.0008516,0.0008516
176,153.325,0.74327,0.82832,0.69641,0.97096,0.99678,1,0.995,0.85969,0.99678,1,0.995,0.87274,0.58976,0.78589,0.49801,0.91814,0.000845,0.000845,0.000845
177,154.073,0.76147,0.89442,0.67201,0.92121,0.99678,1,0.995,0.85969,0.99678,1,0.995,0.87274,0.58976,0.78589,0.49801,0.91814,0.0008384,0.0008384,0.0008384
178,154.844,0.67171,0.96785,0.61085,0.92992,0.99678,1,0.995,0.85969,0.99678,1,0.995,0.87274,0.58976,0.78589,0.49801,0.91814,0.0008318,0.0008318,0.0008318
179,155.635,0.70306,0.9537,0.66128,0.95292,0.9972,1,0.995,0.85939,0.9972,1,0.995,0.87314,0.57733,0.75923,0.45479,0.9215,0.0008252,0.0008252,0.0008252
180,156.382,0.63715,0.76989,0.58824,1.06268,0.9972,1,0.995,0.85939,0.9972,1,0.995,0.87314,0.57733,0.75923,0.45479,0.9215,0.0008186,0.0008186,0.0008186
181,157.116,0.68098,1.10504,0.6171,0.95221,0.9972,1,0.995,0.85939,0.9972,1,0.995,0.87314,0.57733,0.75923,0.45479,0.9215,0.000812,0.000812,0.000812
182,157.902,0.64137,0.95526,0.57116,0.88221,0.9972,1,0.995,0.85939,0.9972,1,0.995,0.87314,0.57733,0.75923,0.45479,0.9215,0.0008054,0.0008054,0.0008054
183,158.653,0.8006,0.98242,0.64245,0.95355,0.9972,1,0.995,0.85939,0.9972,1,0.995,0.87314,0.57733,0.75923,0.45479,0.9215,0.0007988,0.0007988,0.0007988
184,159.393,0.66838,0.93263,0.59547,0.9446,0.9972,1,0.995,0.85939,0.9972,1,0.995,0.87314,0.57733,0.75923,0.45479,0.9215,0.0007922,0.0007922,0.0007922
185,160.129,0.6457,0.88226,0.63753,0.87199,0.9972,1,0.995,0.85939,0.9972,1,0.995,0.87314,0.57733,0.75923,0.45479,0.9215,0.0007856,0.0007856,0.0007856
186,160.884,0.70245,0.93129,0.62805,0.9107,0.9972,1,0.995,0.85939,0.9972,1,0.995,0.87314,0.57733,0.75923,0.45479,0.9215,0.000779,0.000779,0.000779
187,161.641,0.70161,0.9778,0.67156,0.91018,0.99824,1,0.995,0.87644,0.99824,1,0.995,0.87119,0.53676,0.72399,0.42779,0.90417,0.0007724,0.0007724,0.0007724
188,162.582,0.65434,0.80527,0.55389,0.87643,0.99824,1,0.995,0.87644,0.99824,1,0.995,0.87119,0.53676,0.72399,0.42779,0.90417,0.0007658,0.0007658,0.0007658
189,163.588,0.60677,0.82892,0.55933,0.89456,0.99824,1,0.995,0.87644,0.99824,1,0.995,0.87119,0.53676,0.72399,0.42779,0.90417,0.0007592,0.0007592,0.0007592
190,164.593,0.72664,1.04761,0.62784,0.96569,0.99824,1,0.995,0.87644,0.99824,1,0.995,0.87119,0.53676,0.72399,0.42779,0.90417,0.0007526,0.0007526,0.0007526
191,165.566,0.62134,0.78446,0.53451,0.87031,0.99824,1,0.995,0.87644,0.99824,1,0.995,0.87119,0.53676,0.72399,0.42779,0.90417,0.000746,0.000746,0.000746
192,166.519,0.74641,1.20155,0.61157,0.93585,0.99824,1,0.995,0.87644,0.99824,1,0.995,0.87119,0.53676,0.72399,0.42779,0.90417,0.0007394,0.0007394,0.0007394
193,167.461,0.56507,0.75332,0.50092,0.86217,0.99824,1,0.995,0.87644,0.99824,1,0.995,0.87119,0.53676,0.72399,0.42779,0.90417,0.0007328,0.0007328,0.0007328
194,168.415,0.72525,0.93306,0.58662,0.92669,0.99824,1,0.995,0.87644,0.99824,1,0.995,0.87119,0.53676,0.72399,0.42779,0.90417,0.0007262,0.0007262,0.0007262
195,169.411,0.69576,0.92648,0.5656,0.95805,0.99842,1,0.995,0.8884,0.99842,1,0.995,0.88109,0.50859,0.68856,0.42748,0.90308,0.0007196,0.0007196,0.0007196
196,170.373,0.63737,0.92131,0.55353,0.8728,0.99842,1,0.995,0.8884,0.99842,1,0.995,0.88109,0.50859,0.68856,0.42748,0.90308,0.000713,0.000713,0.000713
197,171.326,0.73037,0.95438,0.72018,0.99539,0.99842,1,0.995,0.8884,0.99842,1,0.995,0.88109,0.50859,0.68856,0.42748,0.90308,0.0007064,0.0007064,0.0007064
198,172.305,0.62257,0.73656,0.58563,0.92418,0.99842,1,0.995,0.8884,0.99842,1,0.995,0.88109,0.50859,0.68856,0.42748,0.90308,0.0006998,0.0006998,0.0006998
199,173.4,0.58312,0.8454,0.60529,0.88068,0.99842,1,0.995,0.8884,0.99842,1,0.995,0.88109,0.50859,0.68856,0.42748,0.90308,0.0006932,0.0006932,0.0006932
200,174.38,0.6596,0.69713,0.54187,0.93392,0.99842,1,0.995,0.8884,0.99842,1,0.995,0.88109,0.50859,0.68856,0.42748,0.90308,0.0006866,0.0006866,0.0006866
201,175.34,0.63339,0.93753,0.63121,0.88891,0.99842,1,0.995,0.8884,0.99842,1,0.995,0.88109,0.50859,0.68856,0.42748,0.90308,0.00068,0.00068,0.00068
202,176.312,0.63795,0.87263,0.60753,0.94568,0.99842,1,0.995,0.8884,0.99842,1,0.995,0.88109,0.50859,0.68856,0.42748,0.90308,0.0006734,0.0006734,0.0006734
203,177.301,0.6719,0.81984,0.57584,0.91232,0.9981,1,0.995,0.88203,0.9981,1,0.995,0.88627,0.49071,0.64649,0.40016,0.89256,0.0006668,0.0006668,0.0006668
204,178.073,0.63332,0.85793,0.54593,0.94103,0.9981,1,0.995,0.88203,0.9981,1,0.995,0.88627,0.49071,0.64649,0.40016,0.89256,0.0006602,0.0006602,0.0006602
205,178.812,0.65186,0.87614,0.60655,0.86814,0.9981,1,0.995,0.88203,0.9981,1,0.995,0.88627,0.49071,0.64649,0.40016,0.89256,0.0006536,0.0006536,0.0006536
206,179.58,0.74928,0.89894,0.58739,0.90259,0.9981,1,0.995,0.88203,0.9981,1,0.995,0.88627,0.49071,0.64649,0.40016,0.89256,0.000647,0.000647,0.000647
207,180.325,0.5619,0.81104,0.52546,0.86372,0.9981,1,0.995,0.88203,0.9981,1,0.995,0.88627,0.49071,0.64649,0.40016,0.89256,0.0006404,0.0006404,0.0006404
208,181.079,0.64768,0.71087,0.54749,0.90984,0.9981,1,0.995,0.88203,0.9981,1,0.995,0.88627,0.49071,0.64649,0.40016,0.89256,0.0006338,0.0006338,0.0006338
209,181.83,0.66571,0.82026,0.57782,0.85652,0.9981,1,0.995,0.88203,0.9981,1,0.995,0.88627,0.49071,0.64649,0.40016,0.89256,0.0006272,0.0006272,0.0006272
210,182.583,0.65339,0.97492,0.55697,0.87966,0.9981,1,0.995,0.88203,0.9981,1,0.995,0.88627,0.49071,0.64649,0.40016,0.89256,0.0006206,0.0006206,0.0006206
211,183.329,0.64015,0.80192,0.55482,0.91947,0.99792,1,0.995,0.91422,0.99792,1,0.995,0.89737,0.44941,0.60599,0.38626,0.87606,0.000614,0.000614,0.000614
212,184.286,0.55777,0.66123,0.50837,0.9074,0.99792,1,0.995,0.91422,0.99792,1,0.995,0.89737,0.44941,0.60599,0.38626,0.87606,0.0006074,0.0006074,0.0006074
213,185.248,0.59927,0.69663,0.51343,0.85124,0.99792,1,0.995,0.91422,0.99792,1,0.995,0.89737,0.44941,0.60599,0.38626,0.87606,0.0006008,0.0006008,0.0006008
214,186.25,0.55249,0.84251,0.47194,0.87766,0.99792,1,0.995,0.91422,0.99792,1,0.995,0.89737,0.44941,0.60599,0.38626,0.87606,0.0005942,0.0005942,0.0005942
215,187.2,0.59971,0.86529,0.55675,0.90962,0.99792,1,0.995,0.91422,0.99792,1,0.995,0.89737,0.44941,0.60599,0.38626,0.87606,0.0005876,0.0005876,0.0005876
216,188.154,0.66484,0.74239,0.50738,0.88825,0.99792,1,0.995,0.91422,0.99792,1,0.995,0.89737,0.44941,0.60599,0.38626,0.87606,0.000581,0.000581,0.000581
217,189.112,0.54798,0.72704,0.5036,0.84868,0.99792,1,0.995,0.91422,0.99792,1,0.995,0.89737,0.44941,0.60599,0.38626,0.87606,0.0005744,0.0005744,0.0005744
218,190.062,0.70863,0.88994,0.53078,0.90621,0.99792,1,0.995,0.91422,0.99792,1,0.995,0.89737,0.44941,0.60599,0.38626,0.87606,0.0005678,0.0005678,0.0005678
219,191.031,0.68362,0.75203,0.55488,0.97881,0.99788,1,0.995,0.92128,0.99788,1,0.995,0.89847,0.41905,0.58058,0.373,0.86995,0.0005612,0.0005612,0.0005612
220,191.977,0.50169,0.7078,0.50792,0.84596,0.99788,1,0.995,0.92128,0.99788,1,0.995,0.89847,0.41905,0.58058,0.373,0.86995,0.0005546,0.0005546,0.0005546
221,193.002,0.65978,0.75628,0.59935,0.87796,0.99788,1,0.995,0.92128,0.99788,1,0.995,0.89847,0.41905,0.58058,0.373,0.86995,0.000548,0.000548,0.000548
222,193.952,0.70996,0.93544,0.60056,0.88409,0.99788,1,0.995,0.92128,0.99788,1,0.995,0.89847,0.41905,0.58058,0.373,0.86995,0.0005414,0.0005414,0.0005414
223,194.887,0.52852,0.64632,0.49043,0.92285,0.99788,1,0.995,0.92128,0.99788,1,0.995,0.89847,0.41905,0.58058,0.373,0.86995,0.0005348,0.0005348,0.0005348
224,195.852,0.61743,0.76879,0.54685,0.93161,0.99788,1,0.995,0.92128,0.99788,1,0.995,0.89847,0.41905,0.58058,0.373,0.86995,0.0005282,0.0005282,0.0005282
225,196.818,0.57746,0.9509,0.50275,0.89583,0.99788,1,0.995,0.92128,0.99788,1,0.995,0.89847,0.41905,0.58058,0.373,0.86995,0.0005216,0.0005216,0.0005216
226,197.801,0.51326,0.7542,0.52294,0.84182,0.99788,1,0.995,0.92128,0.99788,1,0.995,0.89847,0.41905,0.58058,0.373,0.86995,0.000515,0.000515,0.000515
227,198.779,0.55256,0.75731,0.50703,0.80714,0.99806,1,0.995,0.93555,0.99806,1,0.995,0.89656,0.41696,0.56895,0.36371,0.8778,0.0005084,0.0005084,0.0005084
228,199.783,0.52286,0.67436,0.50557,0.8762,0.99806,1,0.995,0.93555,0.99806,1,0.995,0.89656,0.41696,0.56895,0.36371,0.8778,0.0005018,0.0005018,0.0005018
229,200.738,0.60151,0.8788,0.54225,0.89049,0.99806,1,0.995,0.93555,0.99806,1,0.995,0.89656,0.41696,0.56895,0.36371,0.8778,0.0004952,0.0004952,0.0004952
230,201.713,0.55552,0.75593,0.5062,0.87219,0.99806,1,0.995,0.93555,0.99806,1,0.995,0.89656,0.41696,0.56895,0.36371,0.8778,0.0004886,0.0004886,0.0004886
231,202.714,0.61882,0.86152,0.58309,0.90431,0.99806,1,0.995,0.93555,0.99806,1,0.995,0.89656,0.41696,0.56895,0.36371,0.8778,0.000482,0.000482,0.000482
232,203.823,0.6046,0.74853,0.5654,0.91965,0.99806,1,0.995,0.93555,0.99806,1,0.995,0.89656,0.41696,0.56895,0.36371,0.8778,0.0004754,0.0004754,0.0004754
233,204.801,0.56199,0.68625,0.48517,0.86054,0.99806,1,0.995,0.93555,0.99806,1,0.995,0.89656,0.41696,0.56895,0.36371,0.8778,0.0004688,0.0004688,0.0004688
234,205.74,0.57605,0.68722,0.49628,0.84305,0.99806,1,0.995,0.93555,0.99806,1,0.995,0.89656,0.41696,0.56895,0.36371,0.8778,0.0004622,0.0004622,0.0004622
235,206.726,0.5634,1.04045,0.55812,0.91111,0.99745,1,0.995,0.93469,0.99745,1,0.995,0.89925,0.42119,0.56593,0.37364,0.88542,0.0004556,0.0004556,0.0004556
236,207.657,0.57959,0.87084,0.52733,0.89654,0.99745,1,0.995,0.93469,0.99745,1,0.995,0.89925,0.42119,0.56593,0.37364,0.88542,0.000449,0.000449,0.000449
237,208.632,0.56558,0.84095,0.48538,0.85227,0.99745,1,0.995,0.93469,0.99745,1,0.995,0.89925,0.42119,0.56593,0.37364,0.88542,0.0004424,0.0004424,0.0004424
238,209.598,0.58582,0.73159,0.52125,0.89399,0.99745,1,0.995,0.93469,0.99745,1,0.995,0.89925,0.42119,0.56593,0.37364,0.88542,0.0004358,0.0004358,0.0004358
239,210.648,0.47078,0.56177,0.4469,0.83751,0.99745,1,0.995,0.93469,0.99745,1,0.995,0.89925,0.42119,0.56593,0.37364,0.88542,0.0004292,0.0004292,0.0004292
240,211.621,0.5491,0.97259,0.51162,0.86664,0.99745,1,0.995,0.93469,0.99745,1,0.995,0.89925,0.42119,0.56593,0.37364,0.88542,0.0004226,0.0004226,0.0004226
241,212.583,0.45026,0.62437,0.47537,0.79333,0.99745,1,0.995,0.93469,0.99745,1,0.995,0.89925,0.42119,0.56593,0.37364,0.88542,0.000416,0.000416,0.000416
242,213.51,0.54207,0.84589,0.48801,0.85383,0.99745,1,0.995,0.93469,0.99745,1,0.995,0.89925,0.42119,0.56593,0.37364,0.88542,0.0004094,0.0004094,0.0004094
243,214.521,0.54257,0.78649,0.49627,0.85198,0.99722,1,0.995,0.92462,0.99722,1,0.995,0.90751,0.41107,0.54137,0.36664,0.88151,0.0004028,0.0004028,0.0004028
244,215.249,0.55187,0.74325,0.49938,0.85291,0.99722,1,0.995,0.92462,0.99722,1,0.995,0.90751,0.41107,0.54137,0.36664,0.88151,0.0003962,0.0003962,0.0003962
245,215.971,0.50357,0.68707,0.46319,0.89986,0.99722,1,0.995,0.92462,0.99722,1,0.995,0.90751,0.41107,0.54137,0.36664,0.88151,0.0003896,0.0003896,0.0003896
246,216.707,0.61258,0.86043,0.49983,0.8739,0.99722,1,0.995,0.92462,0.99722,1,0.995,0.90751,0.41107,0.54137,0.36664,0.88151,0.000383,0.000383,0.000383
247,217.465,0.52556,0.68706,0.49266,0.89103,0.99722,1,0.995,0.92462,0.99722,1,0.995,0.90751,0.41107,0.54137,0.36664,0.88151,0.0003764,0.0003764,0.0003764
248,218.214,0.53509,0.68748,0.49532,0.83451,0.99722,1,0.995,0.92462,0.99722,1,0.995,0.90751,0.41107,0.54137,0.36664,0.88151,0.0003698,0.0003698,0.0003698
249,218.972,0.51057,0.58367,0.51013,0.91489,0.99722,1,0.995,0.92462,0.99722,1,0.995,0.90751,0.41107,0.54137,0.36664,0.88151,0.0003632,0.0003632,0.0003632
250,219.725,0.58161,0.81695,0.51718,0.87991,0.99722,1,0.995,0.92462,0.99722,1,0.995,0.90751,0.41107,0.54137,0.36664,0.88151,0.0003566,0.0003566,0.0003566
251,220.467,0.52611,0.72281,0.50921,0.85998,0.9974,1,0.995,0.93685,0.9974,1,0.995,0.90081,0.37388,0.52258,0.35906,0.86889,0.00035,0.00035,0.00035
252,221.528,0.53374,0.87428,0.501,0.88166,0.9974,1,0.995,0.93685,0.9974,1,0.995,0.90081,0.37388,0.52258,0.35906,0.86889,0.0003434,0.0003434,0.0003434
253,222.518,0.56929,0.67694,0.51186,0.88045,0.9974,1,0.995,0.93685,0.9974,1,0.995,0.90081,0.37388,0.52258,0.35906,0.86889,0.0003368,0.0003368,0.0003368
254,223.593,0.54049,0.66058,0.48732,0.89897,0.9974,1,0.995,0.93685,0.9974,1,0.995,0.90081,0.37388,0.52258,0.35906,0.86889,0.0003302,0.0003302,0.0003302
255,224.677,0.5134,0.73715,0.48246,0.85653,0.9974,1,0.995,0.93685,0.9974,1,0.995,0.90081,0.37388,0.52258,0.35906,0.86889,0.0003236,0.0003236,0.0003236
256,225.716,0.54119,0.58721,0.48376,0.87531,0.9974,1,0.995,0.93685,0.9974,1,0.995,0.90081,0.37388,0.52258,0.35906,0.86889,0.000317,0.000317,0.000317
257,226.691,0.50326,0.60798,0.47694,0.83348,0.9974,1,0.995,0.93685,0.9974,1,0.995,0.90081,0.37388,0.52258,0.35906,0.86889,0.0003104,0.0003104,0.0003104
258,227.673,0.5572,0.92941,0.50718,0.89676,0.9974,1,0.995,0.93685,0.9974,1,0.995,0.90081,0.37388,0.52258,0.35906,0.86889,0.0003038,0.0003038,0.0003038
259,228.656,0.54693,0.83285,0.50819,0.87283,0.99777,1,0.995,0.93813,0.99777,1,0.995,0.89655,0.34525,0.5173,0.34611,0.85764,0.0002972,0.0002972,0.0002972
260,229.399,0.53421,0.666,0.4621,0.84398,0.99777,1,0.995,0.93813,0.99777,1,0.995,0.89655,0.34525,0.5173,0.34611,0.85764,0.0002906,0.0002906,0.0002906
261,230.142,0.4738,0.6475,0.50781,0.81281,0.99777,1,0.995,0.93813,0.99777,1,0.995,0.89655,0.34525,0.5173,0.34611,0.85764,0.000284,0.000284,0.000284
262,230.897,0.44617,0.61941,0.43986,0.86827,0.99777,1,0.995,0.93813,0.99777,1,0.995,0.89655,0.34525,0.5173,0.34611,0.85764,0.0002774,0.0002774,0.0002774
263,231.677,0.45868,0.68584,0.44044,0.82579,0.99777,1,0.995,0.93813,0.99777,1,0.995,0.89655,0.34525,0.5173,0.34611,0.85764,0.0002708,0.0002708,0.0002708
264,232.436,0.51933,0.71349,0.48025,0.87334,0.99777,1,0.995,0.93813,0.99777,1,0.995,0.89655,0.34525,0.5173,0.34611,0.85764,0.0002642,0.0002642,0.0002642
265,233.17,0.43071,0.67943,0.41947,0.83658,0.99777,1,0.995,0.93813,0.99777,1,0.995,0.89655,0.34525,0.5173,0.34611,0.85764,0.0002576,0.0002576,0.0002576
266,233.908,0.51314,0.67439,0.48694,0.87062,0.99777,1,0.995,0.93813,0.99777,1,0.995,0.89655,0.34525,0.5173,0.34611,0.85764,0.000251,0.000251,0.000251
267,234.688,0.47638,0.65343,0.44567,0.85933,0.99776,1,0.995,0.95409,0.99776,1,0.995,0.90808,0.32285,0.51282,0.32963,0.85224,0.0002444,0.0002444,0.0002444
268,235.647,0.51117,0.64694,0.45685,0.8353,0.99776,1,0.995,0.95409,0.99776,1,0.995,0.90808,0.32285,0.51282,0.32963,0.85224,0.0002378,0.0002378,0.0002378
269,236.66,0.41522,0.65588,0.41569,0.81989,0.99776,1,0.995,0.95409,0.99776,1,0.995,0.90808,0.32285,0.51282,0.32963,0.85224,0.0002312,0.0002312,0.0002312
270,237.655,0.53078,0.70164,0.53696,0.86905,0.99776,1,0.995,0.95409,0.99776,1,0.995,0.90808,0.32285,0.51282,0.32963,0.85224,0.0002246,0.0002246,0.0002246
271,238.646,0.40189,0.62848,0.40283,0.81963,0.99776,1,0.995,0.95409,0.99776,1,0.995,0.90808,0.32285,0.51282,0.32963,0.85224,0.000218,0.000218,0.000218
272,239.632,0.46868,0.62425,0.42459,0.85038,0.99776,1,0.995,0.95409,0.99776,1,0.995,0.90808,0.32285,0.51282,0.32963,0.85224,0.0002114,0.0002114,0.0002114
273,240.589,0.52366,0.65413,0.46835,0.84109,0.99776,1,0.995,0.95409,0.99776,1,0.995,0.90808,0.32285,0.51282,0.32963,0.85224,0.0002048,0.0002048,0.0002048
274,241.58,0.46124,0.66119,0.3913,0.8585,0.99776,1,0.995,0.95409,0.99776,1,0.995,0.90808,0.32285,0.51282,0.32963,0.85224,0.0001982,0.0001982,0.0001982
275,242.543,0.52019,0.52375,0.55708,0.87905,0.99774,1,0.995,0.94601,0.99774,1,0.995,0.9157,0.3274,0.50568,0.33106,0.85248,0.0001916,0.0001916,0.0001916
276,243.293,0.56654,0.73432,0.50279,0.90744,0.99774,1,0.995,0.94601,0.99774,1,0.995,0.9157,0.3274,0.50568,0.33106,0.85248,0.000185,0.000185,0.000185
277,244.036,0.47348,0.61277,0.45894,0.85661,0.99774,1,0.995,0.94601,0.99774,1,0.995,0.9157,0.3274,0.50568,0.33106,0.85248,0.0001784,0.0001784,0.0001784
278,244.793,0.45798,0.6846,0.48456,0.91454,0.99774,1,0.995,0.94601,0.99774,1,0.995,0.9157,0.3274,0.50568,0.33106,0.85248,0.0001718,0.0001718,0.0001718
279,245.546,0.50225,0.70196,0.46901,0.90599,0.99774,1,0.995,0.94601,0.99774,1,0.995,0.9157,0.3274,0.50568,0.33106,0.85248,0.0001652,0.0001652,0.0001652
280,246.307,0.45998,0.7326,0.42904,0.83116,0.99774,1,0.995,0.94601,0.99774,1,0.995,0.9157,0.3274,0.50568,0.33106,0.85248,0.0001586,0.0001586,0.0001586
281,247.065,0.48729,0.6461,0.45189,0.88026,0.99774,1,0.995,0.94601,0.99774,1,0.995,0.9157,0.3274,0.50568,0.33106,0.85248,0.000152,0.000152,0.000152
282,247.824,0.49756,0.63258,0.4496,0.90089,0.99774,1,0.995,0.94601,0.99774,1,0.995,0.9157,0.3274,0.50568,0.33106,0.85248,0.0001454,0.0001454,0.0001454
283,248.612,0.60861,0.73302,0.5121,0.90346,0.99762,1,0.995,0.94183,0.99762,1,0.995,0.90844,0.32343,0.49377,0.32952,0.85213,0.0001388,0.0001388,0.0001388
284,249.343,0.42477,0.53993,0.4484,0.86507,0.99762,1,0.995,0.94183,0.99762,1,0.995,0.90844,0.32343,0.49377,0.32952,0.85213,0.0001322,0.0001322,0.0001322
285,250.091,0.5164,0.69524,0.47616,0.87332,0.99762,1,0.995,0.94183,0.99762,1,0.995,0.90844,0.32343,0.49377,0.32952,0.85213,0.0001256,0.0001256,0.0001256
286,250.841,0.47391,0.69351,0.43592,0.85875,0.99762,1,0.995,0.94183,0.99762,1,0.995,0.90844,0.32343,0.49377,0.32952,0.85213,0.000119,0.000119,0.000119
287,251.591,0.41786,0.66732,0.39228,0.83694,0.99762,1,0.995,0.94183,0.99762,1,0.995,0.90844,0.32343,0.49377,0.32952,0.85213,0.0001124,0.0001124,0.0001124
288,252.324,0.46858,0.58593,0.39687,0.88344,0.99762,1,0.995,0.94183,0.99762,1,0.995,0.90844,0.32343,0.49377,0.32952,0.85213,0.0001058,0.0001058,0.0001058
289,253.058,0.42682,0.62099,0.44223,0.90705,0.99762,1,0.995,0.94183,0.99762,1,0.995,0.90844,0.32343,0.49377,0.32952,0.85213,9.92e-05,9.92e-05,9.92e-05
290,253.826,0.40777,0.57233,0.39527,0.79439,0.99762,1,0.995,0.94183,0.99762,1,0.995,0.90844,0.32343,0.49377,0.32952,0.85213,9.26e-05,9.26e-05,9.26e-05
291,255.36,0.39379,0.59743,0.42791,0.8477,0.9975,1,0.995,0.94589,0.9975,1,0.995,0.90565,0.32113,0.48096,0.33117,0.85085,8.6e-05,8.6e-05,8.6e-05
292,256.202,0.44884,0.57455,0.38675,0.80703,0.9975,1,0.995,0.94589,0.9975,1,0.995,0.90565,0.32113,0.48096,0.33117,0.85085,7.94e-05,7.94e-05,7.94e-05
293,256.989,0.5012,0.716,0.47551,0.87759,0.9975,1,0.995,0.94589,0.9975,1,0.995,0.90565,0.32113,0.48096,0.33117,0.85085,7.28e-05,7.28e-05,7.28e-05
294,257.76,0.51339,1.06708,0.46129,0.78314,0.9975,1,0.995,0.94589,0.9975,1,0.995,0.90565,0.32113,0.48096,0.33117,0.85085,6.62e-05,6.62e-05,6.62e-05
295,258.524,0.48693,0.65976,0.43737,0.89398,0.9975,1,0.995,0.94589,0.9975,1,0.995,0.90565,0.32113,0.48096,0.33117,0.85085,5.96e-05,5.96e-05,5.96e-05
296,259.271,0.41034,0.59625,0.39751,0.84043,0.9975,1,0.995,0.94589,0.9975,1,0.995,0.90565,0.32113,0.48096,0.33117,0.85085,5.3e-05,5.3e-05,5.3e-05
297,260.039,0.50102,0.8779,0.46288,0.855,0.9975,1,0.995,0.94589,0.9975,1,0.995,0.90565,0.32113,0.48096,0.33117,0.85085,4.64e-05,4.64e-05,4.64e-05
298,260.793,0.4744,0.66727,0.48384,0.85431,0.9975,1,0.995,0.94589,0.9975,1,0.995,0.90565,0.32113,0.48096,0.33117,0.85085,3.98e-05,3.98e-05,3.98e-05
299,261.555,0.42327,0.61777,0.40611,0.83496,0.9974,1,0.995,0.95153,0.9974,1,0.995,0.91369,0.32099,0.47422,0.33413,0.85062,3.32e-05,3.32e-05,3.32e-05
300,262.587,0.53608,0.77534,0.44046,0.87956,0.9974,1,0.995,0.95153,0.9974,1,0.995,0.91369,0.32099,0.47422,0.33413,0.85062,2.66e-05,2.66e-05,2.66e-05
